location,value_c,recorded_at
home,19.9,"2026-10-06 10:38:57.244590"
conservatory,22.33,"2026-10-06 10:38:57.655728"
home,20.0,"2026-10-06 10:43:57.195302"
conservatory,22.39,"2026-10-06 10:43:57.341359"
home,20.1,"2026-10-06 10:48:57.227962"
conservatory,22.45,"2026-10-06 10:48:57.367395"
home,20.2,"2026-10-06 10:53:57.233495"
conservatory,22.51,"2026-10-06 10:53:57.375939"
home,20.2,"2026-10-06 10:58:57.310542"
conservatory,22.56,"2026-10-06 10:58:57.456840"
home,20.3,"2026-10-06 11:03:57.370690"
conservatory,22.77,"2026-10-06 11:03:57.508180"
home,20.4,"2026-10-06 11:08:57.426875"
conservatory,22.78,"2026-10-06 11:08:57.655514"
home,20.5,"2026-10-06 11:13:57.409958"
conservatory,22.91,"2026-10-06 11:13:57.565323"
home,20.6,"2026-10-06 11:18:57.463747"
conservatory,22.94,"2026-10-06 11:18:57.611836"
home,20.6,"2026-10-06 11:23:57.504862"
conservatory,22.96,"2026-10-06 11:23:57.657160"
home,20.6,"2026-10-06 11:28:57.504273"
conservatory,23.0,"2026-10-06 11:28:57.652710"
home,20.7,"2026-10-06 11:33:57.576744"
conservatory,23.1,"2026-10-06 11:33:57.704064"
home,20.8,"2026-10-06 11:38:57.594963"
conservatory,23.21,"2026-10-06 11:38:57.736494"
home,21.0,"2026-10-06 11:43:57.766245"
conservatory,23.24,"2026-10-06 11:43:57.959614"
home,21.1,"2026-10-06 11:48:57.740070"
conservatory,23.38,"2026-10-06 11:48:57.882986"
home,21.2,"2026-10-06 11:53:57.766485"
conservatory,23.46,"2026-10-06 11:53:57.909126"
home,21.3,"2026-10-06 11:58:57.814768"
conservatory,23.53,"2026-10-06 11:58:57.981735"
home,21.4,"2026-10-06 12:03:57.838000"
conservatory,23.6,"2026-10-06 12:03:57.979904"
home,21.5,"2026-10-06 12:08:57.948135"
conservatory,23.7,"2026-10-06 12:08:58.174437"
home,21.6,"2026-10-06 12:13:57.908709"
conservatory,23.82,"2026-10-06 12:13:58.051641"
home,21.7,"2026-10-06 12:18:57.937233"
conservatory,23.86,"2026-10-06 12:18:58.082216"
home,21.7,"2026-10-06 12:23:58.005144"
conservatory,23.93,"2026-10-06 12:23:58.145759"
home,21.9,"2026-10-06 12:28:58.107890"
conservatory,23.99,"2026-10-06 12:28:58.249802"
home,21.9,"2026-10-06 12:33:58.191911"
conservatory,24.03,"2026-10-06 12:33:58.353352"
home,22.0,"2026-10-06 12:38:58.298880"
conservatory,24.1,"2026-10-06 12:38:58.438664"
home,22.2,"2026-10-06 12:43:58.523026"
conservatory,24.1,"2026-10-06 12:43:58.766863"
home,22.2,"2026-10-06 12:48:58.488558"
conservatory,24.3,"2026-10-06 12:48:58.797644"
home,22.4,"2026-10-06 12:53:58.389243"
conservatory,24.39,"2026-10-06 12:53:58.532857"
home,22.5,"2026-10-06 12:58:58.471380"
conservatory,24.47,"2026-10-06 12:58:58.629563"
home,22.6,"2026-10-06 13:03:58.559912"
conservatory,24.53,"2026-10-06 13:03:58.707376"
home,22.6,"2026-10-06 13:08:58.580149"
conservatory,24.58,"2026-10-06 13:08:58.724563"
home,22.7,"2026-10-06 13:13:58.604106"
conservatory,24.69,"2026-10-06 13:13:58.749783"
home,22.8,"2026-10-06 13:18:58.625209"
conservatory,24.75,"2026-10-06 13:18:58.785094"
home,23.0,"2026-10-06 13:23:58.722608"
conservatory,24.87,"2026-10-06 13:23:58.864118"
home,23.3,"2026-10-06 13:28:58.749482"
conservatory,25.31,"2026-10-06 13:28:58.888915"
home,23.8,"2026-10-06 13:33:58.756766"
conservatory,25.53,"2026-10-06 13:33:58.902647"
home,23.8,"2026-10-06 13:38:58.855639"
conservatory,25.98,"2026-10-06 13:38:58.999109"
home,24.5,"2026-10-06 13:43:58.922426"
conservatory,26.09,"2026-10-06 13:43:59.083193"
home,24.5,"2026-10-06 13:48:58.981158"
conservatory,26.16,"2026-10-06 13:48:59.120264"
home,24.7,"2026-10-06 13:53:59.023574"
conservatory,26.23,"2026-10-06 13:53:59.167914"
home,24.7,"2026-10-06 13:58:59.055286"
conservatory,26.34,"2026-10-06 13:58:59.194280"
home,24.9,"2026-10-06 14:03:59.099930"
conservatory,26.17,"2026-10-06 14:03:59.239281"
home,24.5,"2026-10-06 14:08:59.192051"
conservatory,26.01,"2026-10-06 14:08:59.334493"
home,24.3,"2026-10-06 14:13:59.284120"
conservatory,25.84,"2026-10-06 14:13:59.402363"
home,24.1,"2026-10-06 14:18:59.401770"
conservatory,25.63,"2026-10-06 14:18:59.586083"
home,23.8,"2026-10-06 14:23:59.496293"
conservatory,25.48,"2026-10-06 14:23:59.653137"
home,23.6,"2026-10-06 14:28:59.494863"
conservatory,25.32,"2026-10-06 14:28:59.629100"
home,23.4,"2026-10-06 14:33:59.565600"
conservatory,25.21,"2026-10-06 14:33:59.694719"
home,23.3,"2026-10-06 14:38:59.650427"
conservatory,25.02,"2026-10-06 14:38:59.798213"
home,23.1,"2026-10-06 14:44:02.230248"
conservatory,24.93,"2026-10-06 14:44:02.373686"
home,22.9,"2026-10-06 14:48:59.712037"
conservatory,24.79,"2026-10-06 14:48:59.852768"
home,22.7,"2026-10-06 14:53:59.809887"
conservatory,24.65,"2026-10-06 14:53:59.953128"
home,22.6,"2026-10-06 14:58:59.865342"
conservatory,24.35,"2026-10-06 14:59:00.005596"
home,22.5,"2026-10-06 15:03:59.935654"
conservatory,23.88,"2026-10-06 15:04:00.081425"
home,21.9,"2026-10-06 15:09:00.007483"
conservatory,23.74,"2026-10-06 15:09:00.148919"
home,21.6,"2026-10-06 15:14:00.091516"
conservatory,23.56,"2026-10-06 15:14:00.241377"
home,21.4,"2026-10-06 15:19:00.128338"
conservatory,23.42,"2026-10-06 15:19:00.273315"
home,21.3,"2026-10-06 15:24:00.184432"
conservatory,23.32,"2026-10-06 15:24:00.332868"
home,21.2,"2026-10-06 15:29:00.240091"
conservatory,23.22,"2026-10-06 15:29:00.383764"
home,21.0,"2026-10-06 15:34:00.262888"
conservatory,23.06,"2026-10-06 15:34:00.406479"
home,20.8,"2026-10-06 15:39:00.309007"
conservatory,23.21,"2026-10-06 15:39:00.449849"
home,20.9,"2026-10-06 15:44:00.331839"
conservatory,23.24,"2026-10-06 15:44:00.477553"
home,20.9,"2026-10-06 15:49:00.361174"
conservatory,23.21,"2026-10-06 15:49:00.508150"
home,20.8,"2026-10-06 15:54:00.454671"
conservatory,23.15,"2026-10-06 15:54:00.600558"
home,20.7,"2026-10-06 15:59:00.499871"
conservatory,23.09,"2026-10-06 15:59:00.644648"
home,20.7,"2026-10-06 16:04:00.580250"
conservatory,23.03,"2026-10-06 16:04:00.716688"
home,20.6,"2026-10-06 16:09:00.677490"
conservatory,22.54,"2026-10-06 16:09:00.849754"
home,20.3,"2026-10-06 16:14:00.699618"
conservatory,22.5,"2026-10-06 16:14:00.840951"
home,20.2,"2026-10-06 16:19:00.947284"
conservatory,22.59,"2026-10-06 16:19:01.092666"
home,20.2,"2026-10-06 16:24:00.901322"
conservatory,21.93,"2026-10-06 16:24:01.064380"
home,19.7,"2026-10-06 16:29:00.983980"
conservatory,21.82,"2026-10-06 16:29:01.288747"
home,19.4,"2026-10-06 16:34:01.024377"
conservatory,21.98,"2026-10-06 16:34:01.163649"
home,19.5,"2026-10-06 16:39:01.054825"
conservatory,21.54,"2026-10-06 16:39:01.191379"
home,19.2,"2026-10-06 16:44:01.129673"
conservatory,21.12,"2026-10-06 16:44:01.279486"
home,18.7,"2026-10-06 16:49:01.460603"
conservatory,20.83,"2026-10-06 16:49:01.628504"
home,18.2,"2026-10-06 16:59:07.666099"
conservatory,20.54,"2026-10-06 16:59:11.211251"
home,18.1,"2026-10-06 17:04:02.109620"
conservatory,20.43,"2026-10-06 17:04:02.711583"
home,17.9,"2026-10-06 17:09:02.703181"
conservatory,20.34,"2026-10-06 17:09:10.550733"
home,17.8,"2026-10-06 17:14:01.443736"
conservatory,20.15,"2026-10-06 17:14:01.625651"
home,17.7,"2026-10-06 17:19:01.494842"
conservatory,20.15,"2026-10-06 17:19:01.651360"
home,17.6,"2026-10-06 17:24:01.514393"
conservatory,20.0,"2026-10-06 17:24:01.656001"
home,17.4,"2026-10-06 17:29:01.575201"
conservatory,20.11,"2026-10-06 17:29:01.724016"
home,17.5,"2026-10-06 17:34:01.605920"
conservatory,20.26,"2026-10-06 17:34:01.752411"
home,17.6,"2026-10-06 17:39:01.680142"
conservatory,20.19,"2026-10-06 17:39:01.830066"
home,17.6,"2026-10-06 17:44:01.719873"
conservatory,20.12,"2026-10-06 17:44:01.864616"
home,17.5,"2026-10-06 17:49:01.744921"
conservatory,20.08,"2026-10-06 17:49:01.894024"
home,17.5,"2026-10-06 17:54:01.772475"
conservatory,20.05,"2026-10-06 17:54:01.917161"
home,17.4,"2026-10-06 17:59:01.872716"
conservatory,20.04,"2026-10-06 17:59:02.020919"
home,17.4,"2026-10-06 18:09:01.928947"
conservatory,19.98,"2026-10-06 18:09:02.076214"
home,17.3,"2026-10-06 18:14:02.013669"
conservatory,19.95,"2026-10-06 18:14:02.156150"
home,17.3,"2026-10-06 18:19:02.078856"
conservatory,19.93,"2026-10-06 18:19:02.222609"
home,17.3,"2026-10-06 18:24:02.159289"
conservatory,19.95,"2026-10-06 18:24:02.308037"
home,17.2,"2026-10-06 18:29:02.418098"
conservatory,19.87,"2026-10-06 18:29:05.340889"
home,17.2,"2026-10-06 18:34:02.252703"
conservatory,19.89,"2026-10-06 18:34:02.393567"
home,17.2,"2026-10-06 18:39:02.337272"
conservatory,19.85,"2026-10-06 18:39:02.478006"
home,17.1,"2026-10-06 18:44:02.418204"
conservatory,19.81,"2026-10-06 18:44:02.574442"
home,17.1,"2026-10-06 18:49:02.513710"
conservatory,19.77,"2026-10-06 18:49:02.675140"
home,17.1,"2026-10-06 18:54:02.538974"
conservatory,19.74,"2026-10-06 18:54:02.692538"
home,17.0,"2026-10-06 18:59:02.642359"
conservatory,19.71,"2026-10-06 18:59:02.921722"
home,17.0,"2026-10-06 19:04:02.672000"
conservatory,19.63,"2026-10-06 19:04:02.819033"
home,16.9,"2026-10-06 19:09:02.835359"
conservatory,19.52,"2026-10-06 19:09:03.114694"
home,16.8,"2026-10-06 19:14:02.852666"
conservatory,19.44,"2026-10-06 19:14:03.000191"
home,16.7,"2026-10-06 19:19:02.924553"
conservatory,19.31,"2026-10-06 19:19:03.078363"
home,16.6,"2026-10-06 19:24:02.940887"
conservatory,19.24,"2026-10-06 19:24:03.082565"
home,16.6,"2026-10-06 19:29:02.971590"
conservatory,19.16,"2026-10-06 19:29:03.116250"
home,16.5,"2026-10-06 19:34:03.077832"
conservatory,18.93,"2026-10-06 19:34:03.258740"
home,16.2,"2026-10-06 19:39:03.272826"
conservatory,19.02,"2026-10-06 19:39:03.888301"
home,16.3,"2026-10-06 19:44:03.126230"
conservatory,18.95,"2026-10-06 19:44:03.548236"
home,16.2,"2026-10-06 19:49:03.207370"
conservatory,18.88,"2026-10-06 19:49:03.356432"
home,16.1,"2026-10-06 19:54:03.251472"
conservatory,18.84,"2026-10-06 19:54:03.400451"
home,16.0,"2026-10-06 19:59:03.300179"
conservatory,18.74,"2026-10-06 19:59:03.535748"
home,15.9,"2026-10-06 20:04:03.293207"
conservatory,18.63,"2026-10-06 20:04:03.472072"
home,15.8,"2026-10-06 20:09:03.701621"
conservatory,18.53,"2026-10-06 20:09:03.935800"
home,15.7,"2026-10-06 20:14:03.385567"
conservatory,18.43,"2026-10-06 20:14:03.539702"
home,15.6,"2026-10-06 20:19:03.444565"
conservatory,18.41,"2026-10-06 20:19:03.587574"
home,15.6,"2026-10-06 20:24:03.514026"
conservatory,18.36,"2026-10-06 20:24:03.655360"
home,15.5,"2026-10-06 20:29:03.594181"
conservatory,18.31,"2026-10-06 20:29:03.751432"
home,15.4,"2026-10-06 20:34:03.699886"
conservatory,18.2,"2026-10-06 20:34:03.882896"
home,15.3,"2026-10-06 20:39:03.750643"
conservatory,18.19,"2026-10-06 20:39:03.920457"
home,15.3,"2026-10-06 20:44:03.726588"
conservatory,18.02,"2026-10-06 20:44:03.868389"
home,15.2,"2026-10-06 20:49:03.728726"
conservatory,17.38,"2026-10-06 20:49:03.904339"
home,15.2,"2026-10-06 20:54:03.762277"
conservatory,17.07,"2026-10-06 20:54:03.910150"
home,15.1,"2026-10-06 20:59:03.797289"
conservatory,17.39,"2026-10-06 20:59:03.961725"
home,15.1,"2026-10-06 21:04:03.871368"
conservatory,17.33,"2026-10-06 21:04:04.017399"
home,15.0,"2026-10-06 21:09:03.948873"
conservatory,17.32,"2026-10-06 21:09:04.093109"
home,15.0,"2026-10-06 21:14:03.965559"
conservatory,17.24,"2026-10-06 21:14:04.165337"
home,14.9,"2026-10-06 21:19:04.061599"
conservatory,17.18,"2026-10-06 21:19:04.209292"
home,14.9,"2026-10-06 21:24:04.131385"
conservatory,17.07,"2026-10-06 21:24:04.272725"
home,14.8,"2026-10-06 21:29:04.184247"
conservatory,17.02,"2026-10-06 21:29:04.332257"
home,14.8,"2026-10-06 21:34:04.235468"
conservatory,17.02,"2026-10-06 21:34:04.383994"
home,14.7,"2026-10-06 21:39:04.285143"
conservatory,16.98,"2026-10-06 21:39:04.824338"
home,14.6,"2026-10-06 21:44:04.370691"
conservatory,16.9,"2026-10-06 21:44:04.508460"
home,14.6,"2026-10-06 21:49:04.468380"
conservatory,16.92,"2026-10-06 21:49:04.605861"
home,14.6,"2026-10-06 21:54:04.518513"
conservatory,16.87,"2026-10-06 21:54:04.655278"
home,14.5,"2026-10-06 21:59:04.538263"
conservatory,16.67,"2026-10-06 21:59:04.689108"
home,14.4,"2026-10-06 22:04:04.592000"
conservatory,16.74,"2026-10-06 22:04:04.737208"
home,14.4,"2026-10-06 22:09:04.637714"
conservatory,16.71,"2026-10-06 22:09:04.777790"
home,14.4,"2026-10-06 22:14:04.715263"
conservatory,16.52,"2026-10-06 22:14:04.858369"
home,14.3,"2026-10-06 22:19:04.716386"
conservatory,16.46,"2026-10-06 22:19:04.923322"
home,14.3,"2026-10-06 22:24:04.773214"
conservatory,16.41,"2026-10-06 22:24:04.920860"
home,14.2,"2026-10-06 22:29:04.878723"
conservatory,16.33,"2026-10-06 22:29:05.016829"
home,14.2,"2026-10-06 22:34:04.967484"
conservatory,16.29,"2026-10-06 22:34:05.131343"
home,14.1,"2026-10-06 22:39:04.978291"
conservatory,16.24,"2026-10-06 22:39:05.129229"
home,14.1,"2026-10-06 22:44:05.069648"
conservatory,16.15,"2026-10-06 22:44:05.241236"
home,14.0,"2026-10-06 22:49:05.084866"
conservatory,16.14,"2026-10-06 22:49:05.227583"
home,14.0,"2026-10-06 22:54:05.158397"
conservatory,16.12,"2026-10-06 22:54:05.305435"
home,13.9,"2026-10-06 22:59:05.184934"
conservatory,16.03,"2026-10-06 22:59:05.338176"
home,13.8,"2026-10-06 23:04:05.187858"
conservatory,16.05,"2026-10-06 23:04:05.328167"
home,13.8,"2026-10-06 23:09:05.208164"
conservatory,15.99,"2026-10-06 23:09:05.416782"
home,13.7,"2026-10-06 23:14:05.332675"
conservatory,16.02,"2026-10-06 23:14:05.481356"
home,13.7,"2026-10-06 23:19:05.286772"
conservatory,15.96,"2026-10-06 23:19:05.423768"
home,13.7,"2026-10-06 23:24:05.318063"
conservatory,15.96,"2026-10-06 23:24:05.458693"
home,13.6,"2026-10-06 23:29:05.397678"
conservatory,15.9,"2026-10-06 23:29:05.562243"
home,13.6,"2026-10-06 23:34:05.497135"
conservatory,15.84,"2026-10-06 23:34:05.642009"
home,13.5,"2026-10-06 23:39:05.527986"
conservatory,15.87,"2026-10-06 23:39:05.664895"
home,13.5,"2026-10-06 23:44:05.589526"
conservatory,15.81,"2026-10-06 23:44:05.740571"
home,13.4,"2026-10-06 23:49:05.609773"
conservatory,15.66,"2026-10-06 23:49:05.779492"
home,13.4,"2026-10-06 23:54:05.634802"
conservatory,15.59,"2026-10-06 23:54:05.783399"
home,13.3,"2026-10-06 23:59:05.712087"
conservatory,15.51,"2026-10-06 23:59:05.863206"
home,13.3,"2026-10-07 00:04:05.749312"
conservatory,15.48,"2026-10-07 00:04:05.894117"
home,13.3,"2026-10-07 00:09:05.779679"
conservatory,15.5,"2026-10-07 00:09:05.925555"
home,13.3,"2026-10-07 00:14:05.803113"
conservatory,15.55,"2026-10-07 00:14:05.945095"
home,13.3,"2026-10-07 00:19:05.863295"
conservatory,15.51,"2026-10-07 00:19:06.008503"
home,13.2,"2026-10-07 00:24:05.890084"
conservatory,15.39,"2026-10-07 00:24:06.040278"
home,13.2,"2026-10-07 00:29:05.888166"
conservatory,15.4,"2026-10-07 00:29:06.075861"
home,13.2,"2026-10-07 00:34:05.907125"
conservatory,15.43,"2026-10-07 00:34:06.066292"
home,13.2,"2026-10-07 00:39:05.956155"
conservatory,15.39,"2026-10-07 00:39:06.114060"
home,13.2,"2026-10-07 00:44:06.034312"
conservatory,15.45,"2026-10-07 00:44:06.181010"
home,13.2,"2026-10-07 00:49:06.121166"
conservatory,15.46,"2026-10-07 00:49:06.282788"
home,13.2,"2026-10-07 00:54:06.165328"
conservatory,15.45,"2026-10-07 00:54:06.337988"
home,13.2,"2026-10-07 00:59:06.261387"
conservatory,15.49,"2026-10-07 00:59:06.410937"
home,13.2,"2026-10-07 01:04:06.295567"
conservatory,15.51,"2026-10-07 01:04:06.443788"
home,13.2,"2026-10-07 01:09:06.368781"
conservatory,15.44,"2026-10-07 01:09:06.507143"
home,13.2,"2026-10-07 01:14:06.433188"
conservatory,15.42,"2026-10-07 01:14:06.587558"
home,13.2,"2026-10-07 01:19:06.507120"
conservatory,15.43,"2026-10-07 01:19:06.667853"
home,13.1,"2026-10-07 01:24:06.517720"
conservatory,15.41,"2026-10-07 01:24:06.670230"
home,13.1,"2026-10-07 01:29:06.598018"
conservatory,15.39,"2026-10-07 01:29:06.739966"
home,13.1,"2026-10-07 01:34:06.635461"
conservatory,15.42,"2026-10-07 01:34:06.776087"
home,13.1,"2026-10-07 01:39:06.735947"
conservatory,15.41,"2026-10-07 01:39:06.878878"
home,13.1,"2026-10-07 01:44:06.752131"
conservatory,15.39,"2026-10-07 01:44:06.890013"
home,13.1,"2026-10-07 01:49:06.836265"
conservatory,15.45,"2026-10-07 01:49:06.977369"
home,13.1,"2026-10-07 01:54:06.889014"
conservatory,15.47,"2026-10-07 01:54:07.033816"
home,13.1,"2026-10-07 01:59:06.978340"
conservatory,15.47,"2026-10-07 01:59:07.161588"
home,13.2,"2026-10-07 02:04:07.008689"
conservatory,15.53,"2026-10-07 02:04:07.151024"
home,13.2,"2026-10-07 02:09:07.125885"
conservatory,15.48,"2026-10-07 02:09:07.294421"
home,13.2,"2026-10-07 02:14:07.123795"
conservatory,15.51,"2026-10-07 02:14:07.262486"
home,13.2,"2026-10-07 02:19:07.218351"
conservatory,15.61,"2026-10-07 02:19:07.362809"
home,13.2,"2026-10-07 02:24:07.304187"
conservatory,15.62,"2026-10-07 02:24:07.442984"
home,13.3,"2026-10-07 02:29:07.391839"
conservatory,15.54,"2026-10-07 02:29:07.534655"
home,13.2,"2026-10-07 02:34:07.447589"
conservatory,15.66,"2026-10-07 02:34:07.590913"
home,13.3,"2026-10-07 02:39:07.512575"
conservatory,15.57,"2026-10-07 02:39:07.686830"
home,13.3,"2026-10-07 02:44:07.550275"
conservatory,15.62,"2026-10-07 02:44:07.702952"
home,13.3,"2026-10-07 02:49:07.658587"
conservatory,15.53,"2026-10-07 02:49:07.871191"
home,13.3,"2026-10-07 02:54:07.728699"
conservatory,15.62,"2026-10-07 02:54:07.877617"
home,13.3,"2026-10-07 02:59:07.828473"
conservatory,15.63,"2026-10-07 02:59:07.978426"
home,13.3,"2026-10-07 03:04:12.461140"
conservatory,15.62,"2026-10-07 03:04:16.622916"
home,13.3,"2026-10-07 03:09:07.989157"
conservatory,15.64,"2026-10-07 03:09:08.130559"
home,13.3,"2026-10-07 03:14:08.065732"
conservatory,15.61,"2026-10-07 03:14:08.208113"
home,13.3,"2026-10-07 03:19:08.133085"
conservatory,15.64,"2026-10-07 03:19:08.287275"
home,13.3,"2026-10-07 03:24:08.197326"
conservatory,15.6,"2026-10-07 03:24:08.363516"
home,13.3,"2026-10-07 03:29:08.243436"
conservatory,15.62,"2026-10-07 03:29:08.380289"
home,13.3,"2026-10-07 03:34:08.296392"
conservatory,15.67,"2026-10-07 03:34:08.500844"
home,13.3,"2026-10-07 03:39:08.334664"
conservatory,15.64,"2026-10-07 03:39:08.523040"
home,13.3,"2026-10-07 03:44:08.365084"
conservatory,15.61,"2026-10-07 03:44:08.502034"
home,13.3,"2026-10-07 03:49:11.669163"
conservatory,15.67,"2026-10-07 03:49:11.833883"
home,13.3,"2026-10-07 03:54:08.479953"
conservatory,15.62,"2026-10-07 03:54:08.634144"
home,13.3,"2026-10-07 03:59:08.572747"
conservatory,15.65,"2026-10-07 03:59:08.752722"
home,13.3,"2026-10-07 04:04:08.682507"
conservatory,15.67,"2026-10-07 04:04:08.823502"
home,13.3,"2026-10-07 04:09:08.726477"
conservatory,15.65,"2026-10-07 04:09:08.872917"
home,13.3,"2026-10-07 04:14:08.759407"
conservatory,15.7,"2026-10-07 04:14:08.905963"
home,13.3,"2026-10-07 04:19:08.775020"
conservatory,15.69,"2026-10-07 04:19:08.918523"
home,13.3,"2026-10-07 04:24:08.786318"
conservatory,15.68,"2026-10-07 04:24:08.930326"
home,13.3,"2026-10-07 04:29:08.817540"
conservatory,15.71,"2026-10-07 04:29:08.962119"
home,13.3,"2026-10-07 04:34:08.849630"
conservatory,15.71,"2026-10-07 04:34:08.997250"
home,13.3,"2026-10-07 04:39:08.915342"
conservatory,15.7,"2026-10-07 04:39:09.056652"
home,13.3,"2026-10-07 04:44:08.954091"
conservatory,15.71,"2026-10-07 04:44:09.096170"
home,13.3,"2026-10-07 04:49:09.010670"
conservatory,15.67,"2026-10-07 04:49:09.155805"
home,13.3,"2026-10-07 04:54:09.094334"
conservatory,15.73,"2026-10-07 04:54:09.248442"
home,13.3,"2026-10-07 04:59:09.188837"
conservatory,15.66,"2026-10-07 04:59:09.344611"
home,13.3,"2026-10-07 05:04:09.268761"
conservatory,15.63,"2026-10-07 05:04:09.412688"
home,13.3,"2026-10-07 05:09:09.339362"
conservatory,15.63,"2026-10-07 05:09:09.479077"
home,13.2,"2026-10-07 05:14:09.380910"
conservatory,15.62,"2026-10-07 05:14:09.523443"
home,13.2,"2026-10-07 05:19:09.475282"
conservatory,15.57,"2026-10-07 05:19:09.636153"
home,13.2,"2026-10-07 05:24:09.459759"
conservatory,15.62,"2026-10-07 05:24:09.608685"
home,13.2,"2026-10-07 05:29:09.550252"
conservatory,15.57,"2026-10-07 05:29:09.698448"
home,13.2,"2026-10-07 05:34:09.625567"
conservatory,15.57,"2026-10-07 05:34:09.773618"
home,13.2,"2026-10-07 05:39:09.699542"
conservatory,15.62,"2026-10-07 05:39:09.847821"
home,13.2,"2026-10-07 05:44:09.800642"
conservatory,15.38,"2026-10-07 05:44:09.950764"
home,13.1,"2026-10-07 05:49:09.810757"
conservatory,15.3,"2026-10-07 05:49:09.957778"
home,13.1,"2026-10-07 05:54:09.816798"
conservatory,15.31,"2026-10-07 05:54:09.960528"
home,13.0,"2026-10-07 05:59:09.853269"
conservatory,15.69,"2026-10-07 05:59:09.997903"
home,13.2,"2026-10-07 06:04:09.889099"
conservatory,15.73,"2026-10-07 06:04:10.034598"
home,13.2,"2026-10-07 06:09:09.897788"
conservatory,15.73,"2026-10-07 06:09:10.041998"
home,13.3,"2026-10-07 06:14:09.954901"
conservatory,15.79,"2026-10-07 06:14:10.098080"
home,13.3,"2026-10-07 06:19:10.036971"
conservatory,15.82,"2026-10-07 06:19:10.186822"
home,13.3,"2026-10-07 06:24:10.114456"
conservatory,15.92,"2026-10-07 06:24:10.259164"
home,13.4,"2026-10-07 06:29:10.133972"
conservatory,15.9,"2026-10-07 06:29:10.275378"
home,13.4,"2026-10-07 06:34:10.170852"
conservatory,15.95,"2026-10-07 06:34:10.315545"
home,13.5,"2026-10-07 06:39:10.212648"
conservatory,16.0,"2026-10-07 06:39:10.351757"
home,13.5,"2026-10-07 06:44:10.213787"
conservatory,16.03,"2026-10-07 06:44:10.355818"
home,13.6,"2026-10-07 06:49:10.222558"
conservatory,16.11,"2026-10-07 06:49:10.371602"
home,13.7,"2026-10-07 06:54:10.262235"
conservatory,16.2,"2026-10-07 06:54:10.403418"
home,13.8,"2026-10-07 06:59:10.276164"
conservatory,16.25,"2026-10-07 06:59:10.423562"
home,13.9,"2026-10-07 07:04:10.326092"
conservatory,16.3,"2026-10-07 07:04:10.475315"
home,14.0,"2026-10-07 07:09:15.477813"
home,14.1,"2026-10-07 07:14:10.499147"
conservatory,16.39,"2026-10-07 07:14:10.647335"
home,14.1,"2026-10-07 07:19:10.585955"
conservatory,16.73,"2026-10-07 07:19:10.727345"
home,14.2,"2026-10-07 07:24:10.657671"
conservatory,16.9,"2026-10-07 07:24:10.802473"
home,14.3,"2026-10-07 07:29:14.321567"
conservatory,17.11,"2026-10-07 07:34:21.993495"
home,14.6,"2026-10-07 07:39:10.892652"
conservatory,17.21,"2026-10-07 07:39:11.057293"
home,14.7,"2026-10-07 07:44:10.861575"
conservatory,17.36,"2026-10-07 07:44:11.013354"
home,15.0,"2026-10-07 07:49:10.879004"
conservatory,17.51,"2026-10-07 07:49:11.021508"
home,15.2,"2026-10-07 07:54:10.960545"
conservatory,17.74,"2026-10-07 07:54:11.105246"
home,15.5,"2026-10-07 07:59:11.046862"
conservatory,18.07,"2026-10-07 07:59:11.189982"
home,16.1,"2026-10-07 08:04:11.065901"
conservatory,18.3,"2026-10-07 08:04:11.210454"
home,16.5,"2026-10-07 08:09:11.085314"
conservatory,18.87,"2026-10-07 08:09:11.226757"
home,17.0,"2026-10-07 08:14:11.125949"
conservatory,19.25,"2026-10-07 08:14:11.266856"
home,17.6,"2026-10-07 08:19:11.161425"
conservatory,19.83,"2026-10-07 08:19:11.303002"
home,18.2,"2026-10-07 08:24:11.193829"
conservatory,20.7,"2026-10-07 08:24:11.331027"
home,18.7,"2026-10-07 08:29:11.251796"
conservatory,20.97,"2026-10-07 08:29:11.396221"
home,19.1,"2026-10-07 08:34:11.337607"
conservatory,21.3,"2026-10-07 08:34:11.490720"
home,19.6,"2026-10-07 08:39:11.343497"
conservatory,21.69,"2026-10-07 08:39:11.487897"
home,20.0,"2026-10-07 08:44:11.431070"
conservatory,22.17,"2026-10-07 08:44:11.572795"
home,20.5,"2026-10-07 08:49:11.486573"
conservatory,22.69,"2026-10-07 08:49:11.634596"
home,21.0,"2026-10-07 08:54:11.523944"
conservatory,22.88,"2026-10-07 08:54:11.670491"
home,21.4,"2026-10-07 08:59:11.637416"
conservatory,23.11,"2026-10-07 08:59:11.774928"
home,21.7,"2026-10-07 09:04:11.860419"
conservatory,23.27,"2026-10-07 09:04:12.000532"
home,21.9,"2026-10-07 09:09:11.767867"
conservatory,23.45,"2026-10-07 09:09:11.905420"
home,22.1,"2026-10-07 09:14:11.806057"
conservatory,23.66,"2026-10-07 09:14:11.955643"
home,22.5,"2026-10-07 09:19:11.808515"
conservatory,23.85,"2026-10-07 09:19:11.954273"
home,22.7,"2026-10-07 09:24:11.815948"
conservatory,24.01,"2026-10-07 09:24:11.961338"
home,23.0,"2026-10-07 09:29:18.047863"
conservatory,24.26,"2026-10-07 09:29:18.192724"
home,23.3,"2026-10-07 09:34:11.959842"
conservatory,24.26,"2026-10-07 09:34:12.109673"
home,23.2,"2026-10-07 09:39:12.030712"
conservatory,24.25,"2026-10-07 09:39:12.176566"
home,23.3,"2026-10-07 09:44:12.054345"
conservatory,24.43,"2026-10-07 09:44:12.195891"
home,23.5,"2026-10-07 09:49:12.085683"
conservatory,24.46,"2026-10-07 09:49:12.224162"
home,23.5,"2026-10-07 09:54:12.189238"
conservatory,24.5,"2026-10-07 09:54:12.331302"
home,23.6,"2026-10-07 09:59:12.254287"
conservatory,24.65,"2026-10-07 09:59:12.396987"
home,23.8,"2026-10-07 10:04:12.352752"
conservatory,24.58,"2026-10-07 10:04:12.494544"
home,23.7,"2026-10-07 10:09:12.440183"
conservatory,24.52,"2026-10-07 10:09:12.598464"
home,23.5,"2026-10-07 10:14:12.611843"
conservatory,24.63,"2026-10-07 10:14:14.792540"
home,23.7,"2026-10-07 10:19:13.641240"
conservatory,24.76,"2026-10-07 10:19:14.434401"
home,23.6,"2026-10-07 10:24:12.574812"
conservatory,24.53,"2026-10-07 10:24:12.726982"
home,23.2,"2026-10-07 10:26:10.828941"
conservatory,23.91,"2026-10-07 10:26:10.975237"
home,23.2,"2026-10-07 10:31:10.906098"
home,19.6,"2026-10-07 10:36:10.962430"
home,19.2,"2026-10-07 10:41:11.027850"
home,19.1,"2026-10-07 10:46:11.091546"
home,19.1,"2026-10-07 10:51:11.125414"
home,19.1,"2026-10-07 10:56:11.179321"
home,19.3,"2026-10-07 11:01:11.233359"
home,19.3,"2026-10-07 11:06:11.283414"
home,19.3,"2026-10-07 11:11:11.306300"
home,19.4,"2026-10-07 11:16:11.399452"
home,19.4,"2026-10-07 11:21:11.442542"
home,19.5,"2026-10-07 11:26:11.462824"
home,19.5,"2026-10-07 11:31:11.488530"
home,19.6,"2026-10-07 11:36:11.582329"
home,19.8,"2026-10-07 11:41:11.653716"
home,19.9,"2026-10-07 11:46:11.727344"
home,20.2,"2026-10-07 11:49:35.930577"
home,20.2,"2026-10-07 11:54:35.962880"
home,20.4,"2026-10-07 11:59:36.024787"
home,20.6,"2026-10-07 12:04:36.027814"
home,20.7,"2026-10-07 12:09:36.091042"
home,20.9,"2026-10-07 12:14:36.144384"
home,21.2,"2026-10-07 12:19:36.154671"
home,21.2,"2026-10-07 12:24:36.215352"
home,21.4,"2026-10-07 12:29:36.230981"
home,21.4,"2026-10-07 12:34:36.256480"
home,21.6,"2026-10-07 12:39:36.322180"
home,21.8,"2026-10-07 12:44:36.378099"
home,21.8,"2026-10-07 12:49:36.437176"
home,22.0,"2026-10-07 12:54:36.509068"
home,22.1,"2026-10-07 12:59:36.565508"
home,22.2,"2026-10-07 13:01:08.550533"
conservatory,27.16,"2026-10-07 13:01:08.695770"
home,22.3,"2026-10-07 13:06:08.561295"
conservatory,27.21,"2026-10-07 13:06:08.703398"
home,22.3,"2026-10-07 13:11:08.946581"
conservatory,27.37,"2026-10-07 13:11:09.234991"
